,filename,label
0,2900082_35261653_0.jpg,0
1,2935429_36287988_0.jpg,0
2,2864745_36713193_0.jpg,0
3,2910662_36278484_0.jpg,0
4,2900868_36394943_0.jpg,0
5,2910526_35755306_0.jpg,0
6,2910516_36431570_0.jpg,0
7,2861642_34822616_0.jpg,0
8,2853387_37476946_0.jpg,0
9,2951419_36651277_0.jpg,0
10,2865443_37480492_0.jpg,0
11,2900081_35363039_0.jpg,0
12,2910446_35557444_0.jpg,0
13,2900081_35259557_0.jpg,0
14,2910550_35461174_0.jpg,0
15,2910578_36192354_0.jpg,0
16,2906117_35422771_0.jpg,0
17,2853391_36009749_0.jpg,0
18,2865308_36881095_0.jpg,0
19,2900653_36008850_0.jpg,0
20,2910609_36557468_0.jpg,0
21,2861992_35429013_2.jpg,0
22,2900758_36231596_0.jpg,0
23,2853388_37384552_0.jpg,0
24,2900960_35914358_0.jpg,0
25,2869025_35426508_0.jpg,0
26,2884441_36534428_0.jpg,0
27,2910382_36321078_0.jpg,0
28,2878289_37494807_0.jpg,0
29,2884417_37589033_0.jpg,0
30,2860052_35022207_0.jpg,1
31,2910458_35715135_0.jpg,0
32,2929839_35305571_0.jpg,0
33,2900765_35784986_0.jpg,0
34,2910530_35652835_0.jpg,0
35,2856992_34788525_0.jpg,0
36,2900081_35332826_0.jpg,0
37,2884439_36704279_0.jpg,0
38,2910358_36714927_0.jpg,0
39,2861992_35772695_0.jpg,0
40,2910363_36349919_0.jpg,0
41,2900081_35607504_0.jpg,0
42,2865364_35970464_0.jpg,0
43,2903653_35781650_0.jpg,0
44,2900714_35971585_0.jpg,0
45,2903475_35604071_0.jpg,0
46,2853394_37221471_0.jpg,0
47,2910667_35872216_0.jpg,0
48,2891246_34704292_0.jpg,0
49,2957319_36282763_0.jpg,0
50,2910574_36696080_0.jpg,0
51,2878493_35542512_0.jpg,0
52,2900082_35080853_0.jpg,0
53,2926449_35278138_0.jpg,0
54,2853389_37248101_0.jpg,0
55,2900757_36078644_0.jpg,0
56,2850103_35257702_0.jpg,0
57,2900746_35401670_0.jpg,0
58,2901014_35932245_0.jpg,0
59,2853377_36838040_0.jpg,0
60,2910550_36474394_0.jpg,0
61,2853391_37201099_0.jpg,0
62,2900765_35474343_0.jpg,0
63,2850124_37030461_0.jpg,0
64,2850107_34776906_0.jpg,0
65,2900984_36145190_0.jpg,0
66,2853384_37432610_0.jpg,0
67,2850106_37481868_0.jpg,0
68,2900892_36326344_0.jpg,0
69,2853385_35965972_0.jpg,0
70,2901030_36015362_0.jpg,0
71,2900082_35721238_0.jpg,0
72,2900926_35730931_0.jpg,0
73,2910372_36096107_0.jpg,0
74,2850125_36182075_0.jpg,0
75,2900879_35542242_0.jpg,0
76,2900082_35511307_0.jpg,0
77,2951416_36676513_0.jpg,0
78,2903431_35981775_0.jpg,0
79,2903372_36463448_0.jpg,0
80,2910604_35555058_0.jpg,0
81,2900758_35819565_0.jpg,0
82,2874374_36591482_0.jpg,0
83,2853383_37051323_0.jpg,0
84,2853388_37296952_0.jpg,0
85,2850106_36357850_0.jpg,0
86,2900919_35542239_0.jpg,0
87,2853377_36905224_0.jpg,0
88,2895643_36623729_0.jpg,0
89,2900919_35668667_0.jpg,0
90,2853388_36550924_0.jpg,0
91,2884442_36935017_2.jpg,0
92,2850143_37563897_0.jpg,0
93,2910676_36241062_0.jpg,0
94,2900746_35937045_0.jpg,0
95,2922250_36932055_0.jpg,0
96,2853386_35717369_0.jpg,0
97,2900760_36685746_0.jpg,0
98,2900082_35667452_0.jpg,0
99,2900703_35943590_0.jpg,0
100,2903559_35458911_0.jpg,0
101,2910622_36602765_0.jpg,0
102,2945927_36530912_0.jpg,0
103,2874351_34527491_0.jpg,0
104,2868626_37468273_0.jpg,0
105,2899963_35978815_0.jpg,0
106,2884457_37392134_0.jpg,0
107,2850222_36031759_0.jpg,0
108,2903372_35569337_0.jpg,0
109,2853377_37392117_0.jpg,0
110,2884418_36211874_0.jpg,0
111,2910590_35313785_0.jpg,0
112,2900639_36793234_0.jpg,0
113,2853386_36963982_0.jpg,0
114,2922250_36261257_0.jpg,0
115,2910903_36746463_0.jpg,0
116,2910606_35613989_0.jpg,0
117,2874373_36312270_2.jpg,0
118,2853386_37368871_0.jpg,0
119,2884442_35797866_0.jpg,0
120,2884447_34526898_0.jpg,0
121,2903492_35848452_0.jpg,0
122,2874349_37085553_0.jpg,0
123,2901302_35991098_0.jpg,0
124,2853377_35923038_0.jpg,0
125,2910545_35966556_0.jpg,0
126,2874214_36109918_0.jpg,0
127,2853383_36788773_0.jpg,0
128,2900975_36003064_0.jpg,0
129,2884440_35781370_0.jpg,0
130,2850106_37432805_0.jpg,0
131,2874371_34732188_0.jpg,0
132,2910370_35686519_0.jpg,0
133,2850109_36116022_0.jpg,0
134,2858218_35818461_0.jpg,0
135,2853384_36487267_0.jpg,0
136,2901338_35990627_1.jpg,0
137,2861992_35732741_0.jpg,0
138,2957310_36214325_0.jpg,0
139,2861945_35352360_0.jpg,0
140,2910380_35921224_1.jpg,0
141,2856920_36634105_0.jpg,0
142,2865396_34481072_1.jpg,0
143,2900019_35584285_0.jpg,0
144,2853385_36041481_0.jpg,0
145,2853391_37430834_0.jpg,0
146,2850103_34774127_0.jpg,0
147,2853368_35974283_0.jpg,0
148,2898387_37611503_0.jpg,0
149,2869148_37523529_0.jpg,0
150,2869022_35856321_0.jpg,0
151,2922254_36662863_0.jpg,0
152,2884443_35981042_0.jpg,0
153,2900639_35522420_1.jpg,0
154,2900081_36053158_0.jpg,0
155,2850214_36575018_0.jpg,0
156,2853391_36547558_0.jpg,0
157,2899810_36922180_0.jpg,0
158,2850135_36936448_0.jpg,0
159,2900765_36559237_0.jpg,0
160,2850107_35756845_0.jpg,0
161,2957325_36273626_0.jpg,0
162,2853388_36486636_0.jpg,0
163,2910359_35885446_0.jpg,0
164,2895643_36372126_0.jpg,0
165,2910614_35343647_0.jpg,0
166,2910545_36076048_0.jpg,0
167,2910465_36014750_0.jpg,0
168,2900081_35655357_0.jpg,0
169,2910572_36138633_0.jpg,0
170,2884413_35269025_0.jpg,0
171,2853384_36448535_0.jpg,0
172,2935399_36312804_0.jpg,0
173,2853386_37573972_0.jpg,0
174,2874214_36422878_0.jpg,0
175,2900900_36623978_0.jpg,0
176,2853384_36112603_0.jpg,0
177,2935587_36233823_0.jpg,0
178,2864728_35898261_0.jpg,0
179,2853389_37291567_0.jpg,0
180,2865010_34078124_0.jpg,0
181,2850204_36507345_0.jpg,0
182,2910456_36101584_0.jpg,0
183,2856922_36388953_0.jpg,0
184,2900757_36659674_0.jpg,0
185,2903657_35520589_0.jpg,0
186,2861964_35155573_1.jpg,0
187,2910610_35338704_0.jpg,0
188,2900790_36502420_0.jpg,0
189,2910555_35711670_0.jpg,0
190,2868869_37438805_0.jpg,0
191,2850103_37211926_0.jpg,0
192,2900081_35056455_0.jpg,0
193,2900081_35909256_0.jpg,0
194,2910572_35968167_0.jpg,0
195,2862643_36463450_0.jpg,0
196,2901338_35990627_2.jpg,0
197,2900861_35468171_0.jpg,0
198,2900773_36917385_0.jpg,0
199,2865446_35452085_0.jpg,0
200,2862004_36029191_0.jpg,0
201,2922253_35456984_0.jpg,0
202,2910622_36070773_0.jpg,0
203,2853366_36683955_0.jpg,0
204,2900019_35398946_0.jpg,0
205,2910414_36724363_0.jpg,0
206,2853393_36321632_0.jpg,0
207,2901030_36426001_0.jpg,0
208,2884453_36620652_1.jpg,0
209,2900557_35488247_0.jpg,0
210,2900760_36181179_0.jpg,0
211,2901010_35939454_0.jpg,0
212,2850275_36193739_0.jpg,0
213,2951416_36695856_0.jpg,0
214,2900082_35256928_0.jpg,0
215,2891360_35009305_0.jpg,0
216,2850109_35378606_0.jpg,0
217,2910398_35523430_0.jpg,0
218,2853379_35914800_0.jpg,1
219,2865308_37106313_0.jpg,0
220,2861992_35429013_0.jpg,0
221,2910572_36138633_1.jpg,0
222,2862015_34287486_0.jpg,0
223,2900749_36659390_0.jpg,0
224,2865444_37584388_0.jpg,0
225,2900994_37166285_0.jpg,0
226,2903645_35156503_0.jpg,0
227,2910619_36024891_1.jpg,0
228,2900081_35448288_1.jpg,0
229,2900557_35188434_0.jpg,0
230,2874349_36396145_0.jpg,0
231,2903372_35715072_0.jpg,0
232,2910359_36401413_0.jpg,0
233,2874366_34595508_0.jpg,0
234,2850109_34812809_0.jpg,0
235,2901011_36585966_0.jpg,0
236,2900919_37369024_0.jpg,0
237,2900758_35988771_0.jpg,0
238,2900717_35717647_0.jpg,0
239,2874374_36511752_0.jpg,0
240,2957310_36363217_0.jpg,0
241,2901019_36355576_0.jpg,0
242,2853393_37207462_0.jpg,0
243,2910574_35185641_0.jpg,0
244,2900752_35993297_0.jpg,0
245,2910903_36746463_1.jpg,0
246,2853385_35966792_0.jpg,0
247,2900879_36572527_0.jpg,0
248,2910556_35715057_0.jpg,0
249,2861950_34851337_0.jpg,0
250,2874374_36282582_0.jpg,0
251,2900743_35357537_0.jpg,0
252,2901014_36574177_0.jpg,0
253,2853388_34904505_0.jpg,0
254,2865444_36824414_3.jpg,0
255,2865446_35483659_0.jpg,0
256,2910549_35563216_0.jpg,0
257,2910599_36054849_1.jpg,0
258,2850125_35406257_0.jpg,0
259,2910668_35994952_0.jpg,0
260,2910550_35369161_0.jpg,0
261,2853384_36996153_0.jpg,0
262,2903445_35301215_0.jpg,0
263,2903510_35618156_0.jpg,0
264,2900995_36011782_0.jpg,0
265,2861944_35333352_0.jpg,0
266,2878497_37005773_0.jpg,0
267,2910572_36547426_0.jpg,0
268,2874374_36712890_0.jpg,0
269,2922249_35690856_0.jpg,0
270,2853383_35865445_0.jpg,0
271,2910574_35609858_0.jpg,0
272,2850103_36781236_0.jpg,0
273,2910456_34992190_0.jpg,0
274,2910550_35634457_0.jpg,0
275,2910570_35692926_0.jpg,0
276,2850238_36735554_0.jpg,0
277,2853391_35940452_0.jpg,0
278,2853396_35796092_0.jpg,0
279,2865308_36932525_0.jpg,0
280,2900977_35832817_0.jpg,0
281,2874214_36207275_0.jpg,0
282,2910574_35644631_0.jpg,0
283,2910572_36444650_0.jpg,0
284,2910388_36014464_0.jpg,0
285,2910429_36059020_0.jpg,0
286,2899982_35352627_0.jpg,0
287,2903445_35567364_0.jpg,0
288,2900757_36099050_0.jpg,0
289,2858218_35202819_0.jpg,0
290,2853387_36201433_0.jpg,0
291,2910366_35366325_0.jpg,0
292,2853386_37498701_0.jpg,0
293,2865397_34715612_0.jpg,0
294,2861964_34123700_0.jpg,0
295,2910545_36000580_0.jpg,0
296,2895458_35635179_0.jpg,0
297,2862541_36652571_0.jpg,0
298,2874350_35035126_0.jpg,0
299,2910380_35921224_0.jpg,0
300,2853388_36277687_0.jpg,0
301,2903563_35457921_0.jpg,0
302,2910337_35947224_0.jpg,0
303,2862581_35237144_0.jpg,0
304,2906119_35158217_0.jpg,0
305,2853383_36533943_0.jpg,0
306,2879999_37499624_0.jpg,0
307,2903451_35810624_1.jpg,0
308,2910397_36321504_1.jpg,0
309,2853379_37397809_0.jpg,0
310,2850284_34708041_0.jpg,0
311,2910379_36554988_0.jpg,0
312,2853383_36383074_0.jpg,0
313,2868626_36843546_0.jpg,0
314,2900919_35786013_0.jpg,0
315,2899982_37037221_0.jpg,0
316,2957310_36118625_0.jpg,0
317,2868429_35500692_0.jpg,0
318,2910667_35476275_0.jpg,0
319,2884409_36241949_0.jpg,0
320,2900960_37313611_0.jpg,0
321,2903499_35421583_0.jpg,0
322,2853386_37463394_0.jpg,0
323,2879044_37528413_0.jpg,0
324,2900861_36246946_0.jpg,0
325,2900626_36518131_0.jpg,0
326,2850109_37311223_0.jpg,1
327,2850107_37247864_1.jpg,0
328,2853391_36831765_0.jpg,0
329,2929843_35718520_0.jpg,0
330,2903653_36046247_0.jpg,0
331,2900741_35548781_0.jpg,0
332,2884418_36899430_0.jpg,0
333,2910610_35840783_0.jpg,0
334,2878459_37242668_0.jpg,0
335,2850264_34759537_0.jpg,0
336,2865396_34710190_0.jpg,0
337,2865228_35884900_0.jpg,0
338,2853380_37500116_0.jpg,0
339,2853394_36426035_0.jpg,0
340,2910442_36004872_0.jpg,0
341,2865280_34418603_0.jpg,0
342,2935403_36324634_0.jpg,0
343,2884441_36682844_0.jpg,0
344,2853386_36564600_0.jpg,0
345,2900081_35340534_0.jpg,0
346,2900752_36613491_0.jpg,0
347,2868842_37460743_0.jpg,0
348,2900081_36200936_0.jpg,0
349,2947212_37515568_1.jpg,0
350,2853389_36238180_1.jpg,0
351,2862582_36180139_0.jpg,0
352,2903645_35509102_0.jpg,0
353,2910672_35558104_0.jpg,0
354,2853391_37280803_0.jpg,0
355,2862590_35288613_0.jpg,0
356,2900081_35071354_0.jpg,0
357,2903372_35655906_0.jpg,0
358,2903393_35575574_0.jpg,0
359,2861992_34255030_0.jpg,0
360,2874214_36107698_0.jpg,0
361,2900081_35494120_0.jpg,0
362,2903443_36577107_0.jpg,0
363,2900721_37522318_0.jpg,0
364,2899933_35329846_0.jpg,0
365,2910537_36017669_0.jpg,0
366,2850135_35875738_0.jpg,0
367,2910530_35549984_0.jpg,0
368,2906117_36126149_0.jpg,0
369,2880427_37614605_0.jpg,0
370,2900081_35008945_0.jpg,0
371,2850273_35222224_0.jpg,0
372,2853386_35777744_0.jpg,0
373,2900081_35902253_1.jpg,0
374,2900571_36345802_0.jpg,0
375,2922254_36083625_0.jpg,0
376,2884442_36515697_0.jpg,0
377,2935427_36241209_0.jpg,0
378,2900081_35107897_0.jpg,0
379,2900934_36194327_0.jpg,0
380,2862021_36424838_0.jpg,0
381,2910599_36054849_0.jpg,0
382,2900758_35532390_0.jpg,0
383,2900885_35972590_0.jpg,0
384,2947212_37498239_0.jpg,0
385,2884439_35798176_0.jpg,0
386,2910550_36035868_0.jpg,0
387,2865446_36670184_0.jpg,0
388,2918909_35730969_0.jpg,0
389,2900960_35621123_0.jpg,0
390,2935402_36056854_0.jpg,0
391,2900647_35442804_0.jpg,0
392,2850172_35473919_0.jpg,0
393,2853383_36181324_0.jpg,0
394,2910359_36034929_0.jpg,0
395,2865444_36659655_0.jpg,0
396,2903488_35713324_0.jpg,0
397,2853383_37376693_0.jpg,0
398,2850165_36828011_0.jpg,0
399,2874349_34730295_0.jpg,0
400,2910530_35776301_0.jpg,0
401,2957310_36363293_0.jpg,0
402,2865447_36816879_0.jpg,0
403,2900890_35535907_0.jpg,0
404,2861992_36533920_0.jpg,0
405,2935394_36630745_0.jpg,0
406,2900716_34993562_0.jpg,0
407,2903657_36436275_0.jpg,0
408,2861964_35155573_0.jpg,0
409,2884412_35992500_0.jpg,0
410,2900758_35637427_0.jpg,0
411,2862617_34918515_0.jpg,0
412,2935577_37608944_0.jpg,0
413,2853354_36026798_0.jpg,0
414,2903528_35460619_0.jpg,0
415,2874214_36245209_0.jpg,0
416,2864730_36147245_0.jpg,0
417,2910342_35863621_1.jpg,0
418,2900960_36164918_0.jpg,0
419,2900757_35912588_0.jpg,0
420,2910578_36389890_0.jpg,0
421,2910390_36057519_0.jpg,0
422,2910667_35778029_0.jpg,0
423,2910604_35710586_0.jpg,0
424,2900773_36455043_0.jpg,0
425,2900081_36102828_0.jpg,0
426,2850107_35440186_0.jpg,0
427,2922253_36355594_0.jpg,0
428,2869026_35732211_0.jpg,0
429,2910604_36374631_1.jpg,0
430,2850268_37032257_0.jpg,0
431,2868869_36679834_0.jpg,0
432,2899917_34973348_0.jpg,0
433,2901012_36034313_0.jpg,0
434,2900081_35398020_0.jpg,0
435,2850103_34633391_0.jpg,0
436,2903090_35844128_0.jpg,0
437,2861560_34581075_0.jpg,0
438,2910626_36611842_0.jpg,0
439,2850168_34408457_0.jpg,0
440,2903422_35596332_0.jpg,0
441,2850135_36076118_0.jpg,0
442,2902943_36187826_0.jpg,0
443,2926455_36748268_0.jpg,0
444,2865396_35016914_0.jpg,0
445,2900653_35470178_0.jpg,0
446,2935388_36036648_1.jpg,0
447,2922253_35456984_1.jpg,0
448,2900872_35501004_0.jpg,0
449,2850135_37520230_0.jpg,1
450,2879033_37089095_0.jpg,0
451,2900759_36646624_0.jpg,0
452,2878492_37071584_0.jpg,0
453,2900757_36596855_0.jpg,0
454,2874371_34370333_0.jpg,0
455,2874369_35675144_0.jpg,0
456,2901338_36296599_0.jpg,0
457,2926450_35123830_0.jpg,0
458,2900719_35364587_0.jpg,0
459,2910380_35837418_0.jpg,0
460,2910624_35832247_0.jpg,0
461,2868869_37429131_0.jpg,0
462,2900081_35521047_0.jpg,0
463,2900626_35448206_0.jpg,0
464,2880427_37349310_0.jpg,0
465,2901026_36577631_0.jpg,0
466,2853397_36313720_0.jpg,0
467,2900081_35993519_0.jpg,0
468,2850106_34864429_0.jpg,0
469,2862635_34459274_1.jpg,0
470,2900653_35345295_0.jpg,0
471,2884420_36534445_0.jpg,0
472,2900938_35565509_0.jpg,0
473,2910540_35886736_0.jpg,0
474,2914413_35082125_0.jpg,0
475,2868380_37447512_0.jpg,0
476,2884455_35788106_0.jpg,0
477,2900082_35393188_0.jpg,0
478,2853391_36520070_0.jpg,0
479,2910382_35655175_0.jpg,0
480,2900081_35066471_0.jpg,0
481,2910574_35990727_0.jpg,0
482,2853384_36389720_0.jpg,0
483,2910380_35921224_2.jpg,0
484,2910379_35419553_0.jpg,0
485,2884419_35798953_0.jpg,0
486,2900639_35522420_0.jpg,0
487,2910550_36229555_0.jpg,0
488,2900760_36296177_0.jpg,0
489,2874371_34191616_0.jpg,0
490,2853391_36335101_0.jpg,0
491,2900081_36071070_2.jpg,0
492,2895643_36340959_0.jpg,0
493,2884441_37069194_0.jpg,0
494,2910614_36236238_0.jpg,0
495,2850103_35203852_0.jpg,0
496,2860772_37545848_0.jpg,0
497,2901355_35849864_0.jpg,0
498,2865014_36196993_0.jpg,0
499,2900960_35763966_0.jpg,0
500,2910730_37572300_0.jpg,0
501,2910619_36024891_0.jpg,0
502,2862007_36509468_0.jpg,0
503,2884453_36620652_0.jpg,0
504,2900081_35167860_0.jpg,0
505,2910545_36455367_0.jpg,0
506,2850110_36564980_0.jpg,0
507,2900082_35570892_0.jpg,0
508,2910550_36455062_0.jpg,0
509,2910537_35726909_0.jpg,0
510,2899982_37037221_2.jpg,0
511,2900081_35448288_0.jpg,0
512,2865393_37429974_0.jpg,0
513,2861971_36226935_0.jpg,0
514,2910545_35969488_0.jpg,0
515,2900081_36016337_0.jpg,0
516,2900639_35521495_0.jpg,0
517,2900082_35130254_0.jpg,1
518,2900926_35892314_0.jpg,0
519,2903102_35984820_1.jpg,0
520,2900082_36641182_0.jpg,0
521,2900082_34995300_0.jpg,0
522,2861973_35480974_0.jpg,0
523,2862591_34405604_0.jpg,0
524,2884441_36743941_0.jpg,0
525,2860136_33837248_0.jpg,1
526,2900926_35868709_0.jpg,0
527,2853377_35901115_0.jpg,0
528,2899703_37528320_0.jpg,0
529,2903653_36672825_0.jpg,0
530,2910545_36068208_0.jpg,0
531,2878499_37597570_0.jpg,0
532,2903372_36674199_0.jpg,0
533,2900995_36637333_0.jpg,0
534,2900872_35573981_0.jpg,0
535,2884414_36178303_0.jpg,0
536,2903559_35227609_0.jpg,0
537,2900790_35583471_0.jpg,0
538,2853384_36514166_0.jpg,0
539,2850273_35998965_0.jpg,0
540,2850120_37026043_0.jpg,0
541,2910540_35526477_0.jpg,0
542,2900626_35447686_0.jpg,0
543,2874374_36222138_0.jpg,0
544,2901011_35945151_0.jpg,0
545,2853383_35457834_0.jpg,0
546,2874374_36586060_0.jpg,0
547,2884440_36673369_0.jpg,0
548,2853343_35933839_0.jpg,0
549,2926449_35674346_0.jpg,0
550,2910569_35999030_0.jpg,0
551,2884418_37074502_0.jpg,0
552,2874371_34370333_1.jpg,0
553,2935402_35853811_0.jpg,0
554,2900885_36821294_0.jpg,0
555,2884440_35912328_0.jpg,0
556,2865444_35922937_0.jpg,0
557,2900857_35520219_0.jpg,0
558,2900758_36466163_1.jpg,0
559,2865390_35961334_0.jpg,0
560,2900960_35630168_0.jpg,0
561,2912600_37515527_0.jpg,0
562,2910558_36271201_0.jpg,0
563,2850103_36385025_0.jpg,0
564,2850151_37577051_0.jpg,0
565,2884417_36641021_0.jpg,0
566,2900082_35703386_0.jpg,0
567,2903617_35522151_0.jpg,0
568,2865397_35127934_0.jpg,0
569,2853386_37105572_0.jpg,0
570,2910390_36057519_1.jpg,0
571,2850118_36846413_0.jpg,0
572,2868626_37446556_0.jpg,0
573,2900975_35880408_0.jpg,0
574,2853389_36705366_0.jpg,0
575,2853388_37259864_0.jpg,0
576,2900821_35485131_0.jpg,0
577,2903528_35460619_1.jpg,0
578,2861645_34191191_0.jpg,0
579,2944655_36732394_0.jpg,0
580,2853386_35582660_0.jpg,0
581,2878290_37443818_0.jpg,0
582,2895643_36288658_0.jpg,0
583,2861995_35648557_0.jpg,0
584,2850103_34682402_0.jpg,0
585,2853368_36438133_0.jpg,0
586,2899982_35220546_1.jpg,0
587,2900081_35076089_0.jpg,0
588,2900019_36310946_0.jpg,0
589,2910435_36303908_0.jpg,0
590,2900082_36558177_0.jpg,0
591,2899963_36651966_0.jpg,0
592,2853379_36114019_1.jpg,0
593,2861970_36726234_0.jpg,0
594,2900639_35516920_0.jpg,0
595,2868503_37597009_0.jpg,0
596,2853386_36581891_0.jpg,0
597,2947212_37498275_0.jpg,0
598,2865013_37484268_0.jpg,0
599,2874349_34578283_0.jpg,0
600,2910361_35772813_1.jpg,0
601,2910578_36093023_0.jpg,0
602,2900626_36319698_3.jpg,0
603,2900081_36364468_1.jpg,0
604,2951416_36651696_0.jpg,0
605,2901014_36865381_0.jpg,0
606,2868429_37468468_0.jpg,0
607,2900861_36358533_0.jpg,0
608,2900081_35320036_0.jpg,0
609,2850103_37365577_0.jpg,0
610,2856920_36162827_0.jpg,0
611,2910558_35772367_0.jpg,0
612,2910442_36358793_0.jpg,0
613,2853389_37595149_0.jpg,0
614,2865444_36824414_2.jpg,0
615,2910516_36278401_0.jpg,0
616,2910545_35990125_0.jpg,0
617,2900082_35349120_0.jpg,0
618,2900082_36184159_0.jpg,0
619,2900838_35580246_0.jpg,0
620,2900082_35683198_0.jpg,0
621,2910626_35810038_0.jpg,0
622,2900653_35320181_0.jpg,0
623,2903552_36564312_0.jpg,0
624,2899982_37037221_1.jpg,0
625,2901299_36116959_0.jpg,0
626,2853384_35679356_0.jpg,0
627,2901018_35924076_0.jpg,0
628,2910356_36055699_0.jpg,0
629,2900717_35604506_0.jpg,0
630,2900877_35479701_0.jpg,0
631,2861966_35607687_0.jpg,0
632,2900890_35815959_1.jpg,0
633,2900746_35331547_2.jpg,0
634,2910392_36036385_0.jpg,0
635,2853389_37291567_1.jpg,0
636,2900082_35539150_0.jpg,0
637,2922253_37419341_2.jpg,0
638,2910545_36697276_0.jpg,0
639,2910550_35820223_0.jpg,0
640,2884439_36993845_0.jpg,0
641,2900872_36704963_0.jpg,0
642,2895643_36387061_0.jpg,0
643,2910540_35482139_0.jpg,0
644,2910462_36512345_0.jpg,0
645,2910574_35187844_0.jpg,0
646,2878289_37356276_0.jpg,0
647,2903617_36445904_0.jpg,0
648,2878499_34881154_0.jpg,0
649,2910442_35695021_0.jpg,0
650,2880208_37380973_0.jpg,0
651,2910578_36659700_0.jpg,0
652,2900054_36738010_0.jpg,0
653,2910429_35477817_0.jpg,0
654,2900081_36518459_0.jpg,0
655,2910537_35729114_0.jpg,0
656,2900081_35137794_0.jpg,0
657,2853388_34517346_0.jpg,0
658,2910558_35445383_0.jpg,0
659,2910662_36721787_0.jpg,0
660,2874350_35035126_1.jpg,0
661,2862584_35102157_0.jpg,0
662,2935429_36407714_0.jpg,0
663,2856920_36246560_0.jpg,0
664,2900927_35552370_0.jpg,0
665,2853366_36668522_0.jpg,0
666,2850235_36466571_0.jpg,0
667,2878290_37587067_0.jpg,0
668,2865443_36468304_0.jpg,0
669,2900999_36010061_0.jpg,0
670,2910350_35634956_0.jpg,0
671,2868380_37542124_0.jpg,0
672,2884442_36662682_0.jpg,0
673,2900647_37226946_0.jpg,0
674,2853354_35497179_0.jpg,0
675,2910675_35990515_0.jpg,0
676,2900571_36915451_0.jpg,0
677,2900082_35033834_0.jpg,0
678,2895458_35221441_0.jpg,0
679,2947212_37457385_0.jpg,0
680,2903499_36618267_0.jpg,0
681,2947212_37559442_0.jpg,0
682,2900626_35524737_0.jpg,0
683,2900990_36574261_0.jpg,0
684,2861645_34834379_0.jpg,0
685,2861973_35271017_0.jpg,0
686,2901027_36404961_0.jpg,0
687,2900741_36332456_0.jpg,1
688,2910534_35314867_0.jpg,0
689,2868609_36602465_0.jpg,0
690,2850122_36435731_0.jpg,0
691,2901299_35996796_0.jpg,0
692,2910558_35282891_0.jpg,0
693,2903539_35320242_0.jpg,0
694,2929853_36576934_0.jpg,0
695,2910382_36192800_0.jpg,0
696,2862584_35806389_0.jpg,0
697,2856920_36729137_0.jpg,0
698,2910570_35796306_0.jpg,0
699,2874371_35925661_0.jpg,0
700,2910550_36080377_0.jpg,0
701,2861966_35877837_0.jpg,0
702,2853368_36434606_0.jpg,1
703,2900741_35548781_1.jpg,0
704,2900081_35777742_0.jpg,0
705,2879998_37017358_0.jpg,0
706,2879040_37521841_0.jpg,0
707,2910530_35521735_0.jpg,0
708,2850135_35849013_0.jpg,0
709,2884412_35577670_0.jpg,0
710,2900082_35070380_0.jpg,0
711,2910429_36381634_0.jpg,0
712,2853344_37293152_0.jpg,0
713,2853383_36036730_0.jpg,0
714,2910590_35114957_0.jpg,0
715,2900765_35410278_0.jpg,0
716,2910373_35996312_0.jpg,0
717,2910414_36099069_0.jpg,0
718,2858218_34906817_0.jpg,0
719,2947212_37035539_0.jpg,0
720,2910534_35509104_0.jpg,0
721,2900082_35256928_1.jpg,0
722,2853386_36516153_0.jpg,0
723,2874349_34122612_1.jpg,0
724,2879998_37120907_0.jpg,0
725,2910442_35676090_0.jpg,0
726,2903048_36238140_0.jpg,0
727,2900081_34986257_0.jpg,0
728,2903085_35886785_0.jpg,0
729,2900082_35178824_1.jpg,0
730,2862588_35855028_0.jpg,0
731,2900081_35344807_0.jpg,0
732,2903617_35507588_0.jpg,0
733,2878091_37246415_0.jpg,0
734,2910545_35987044_0.jpg,0
735,2900546_36022170_0.jpg,0
736,2900751_35710238_0.jpg,0
737,2853397_35168082_0.jpg,0
738,2862595_35825918_0.jpg,0
739,2910677_35803354_0.jpg,0
740,2910537_35943200_0.jpg,0
741,2853388_35928895_0.jpg,0
742,2926976_35628188_0.jpg,0
743,2910618_35388847_0.jpg,0
744,2874214_36198837_0.jpg,0
745,2861964_36090089_0.jpg,0
746,2874368_34937297_0.jpg,0
747,2853377_37216219_0.jpg,0
748,2853383_37243261_0.jpg,0
749,2901012_35902209_0.jpg,0
750,2874214_36705757_0.jpg,0
751,2874214_36388379_0.jpg,0
752,2853387_37594767_0.jpg,0
753,2900647_35357090_0.jpg,0
754,2900082_35197202_0.jpg,0
755,2910537_35812634_0.jpg,0
756,2895456_35634747_0.jpg,0
757,2865014_36843155_0.jpg,0
758,2910562_35851483_0.jpg,0
759,2901355_35896607_0.jpg,0
760,2884420_36868854_0.jpg,0
761,2910615_35989087_0.jpg,0
762,2853389_37314847_0.jpg,0
763,2910344_36180694_0.jpg,0
764,2853408_35211937_0.jpg,0
765,2910550_36012549_0.jpg,0
766,2900957_35997612_0.jpg,0
767,2853377_37463058_0.jpg,0
768,2900081_35031717_0.jpg,0
769,2910526_36403159_0.jpg,0
770,2868380_37460280_0.jpg,0
771,2865443_36658118_0.jpg,0
772,2910661_36278411_0.jpg,0
773,2900960_35854527_0.jpg,0
774,2900010_35222710_0.jpg,0
775,2910574_35464818_0.jpg,0
776,2861970_36640214_0.jpg,0
777,2900926_35971963_0.jpg,0
778,2900861_35774177_0.jpg,0
779,2900081_35586749_0.jpg,0
780,2910382_36323689_0.jpg,0
781,2884440_35714146_0.jpg,0
782,2910574_35145971_0.jpg,0
783,2850138_36435740_0.jpg,0
784,2853384_37271483_0.jpg,0
785,2865443_37571284_0.jpg,0
786,2899809_36970498_0.jpg,0
787,2898396_37580475_0.jpg,0
788,2910604_35863535_0.jpg,0
789,2878128_37587654_0.jpg,0
790,2899982_35220546_0.jpg,0
791,2947212_37515568_0.jpg,0
792,2853383_35018457_0.jpg,0
793,2910604_35863535_1.jpg,0
794,2884406_37295253_0.jpg,0
795,2900758_35868897_0.jpg,0
796,2900647_36224555_0.jpg,0
797,2861970_36641025_0.jpg,0
798,2910382_36207667_0.jpg,0
799,2876008_35067408_0.jpg,0
800,2853388_36806458_0.jpg,0
801,2900082_36718292_0.jpg,0
802,2861969_36326929_0.jpg,0
803,2861969_35877932_0.jpg,0
804,2900927_36325089_0.jpg,0
805,2900759_35702968_0.jpg,0
806,2850207_36042291_0.jpg,0
807,2910530_35600697_0.jpg,0
808,2899423_35757142_0.jpg,0
809,2900081_36071070_3.jpg,0
810,2880427_36934710_0.jpg,0
811,2868609_33988811_0.jpg,0
812,2874350_35827493_0.jpg,0
813,2899140_35720107_0.jpg,0
814,2900639_35830707_0.jpg,0
815,2853391_35309940_1.jpg,0
816,2900940_35519682_0.jpg,0
817,2910424_35789735_0.jpg,0
818,2850103_37487774_0.jpg,0
819,2880179_36934117_0.jpg,0
820,2850103_36398526_0.jpg,0
821,2901030_36522926_0.jpg,0
822,2900082_34998529_0.jpg,0
823,2900082_36124187_0.jpg,0
824,2900927_36712181_0.jpg,0
825,2900081_35620494_0.jpg,0
826,2910424_35982544_0.jpg,0
827,2910540_35778103_0.jpg,0
828,2901030_36045321_0.jpg,0
829,2900892_35764590_0.jpg,0
830,2853389_36302879_0.jpg,0
831,2850109_35484699_0.jpg,0
832,2903393_35597302_0.jpg,0
833,2910430_35873655_0.jpg,0
834,2900803_36862807_0.jpg,0
835,2850103_37171593_0.jpg,0
836,2879040_37229138_0.jpg,0
837,2922250_37028187_0.jpg,0
838,2900877_35570555_0.jpg,0
839,2853394_36871077_1.jpg,0
840,2850110_35467051_0.jpg,0
841,2935587_37301910_0.jpg,0
842,2850145_37117188_0.jpg,0
843,2861992_35040036_0.jpg,0
844,2884457_37392134_1.jpg,0
845,2860770_37542707_0.jpg,0
846,2910388_36057136_0.jpg,0
847,2900082_35682726_0.jpg,0
848,2884413_36396305_0.jpg,0
849,2900647_36587751_0.jpg,0
850,2861969_36265893_0.jpg,0
851,2853389_36989973_0.jpg,0
852,2853391_37377829_0.jpg,0
853,2853391_36852631_0.jpg,0
854,2861992_35429013_1.jpg,0
855,2860770_37583113_0.jpg,0
856,2900978_36704725_0.jpg,0
857,2900082_35102833_0.jpg,0
858,2850222_34512885_1.jpg,0
859,2860134_34145490_0.jpg,0
860,2910558_35279714_0.jpg,0
861,2910614_35806519_0.jpg,0
862,2910522_35716089_0.jpg,0
863,2874371_35359217_0.jpg,0
864,2935427_36420503_0.jpg,0
865,2874349_34122612_0.jpg,0
866,2861957_36611733_0.jpg,0
867,2910555_35646213_0.jpg,0
868,2900992_35836982_0.jpg,0
869,2910390_35734499_0.jpg,0
870,2900081_36536990_0.jpg,0
871,2850222_34512885_0.jpg,0
872,2910462_36093424_0.jpg,0
873,2903645_35266298_0.jpg,0
874,2957373_36549340_0.jpg,0
875,2900082_35641350_0.jpg,0
876,2874370_35307522_0.jpg,0
877,2903542_36226005_0.jpg,0
878,2900992_36252531_0.jpg,0
879,2910668_36153972_0.jpg,0
880,2910363_36418712_0.jpg,0
881,2856920_36628758_0.jpg,0
882,2922253_34718484_0.jpg,0
883,2884456_37534561_0.jpg,0
884,2900051_35210941_0.jpg,0
885,2900082_35410431_0.jpg,0
886,2900861_35511221_0.jpg,0
887,2900546_35147663_0.jpg,0
888,2910574_36512095_0.jpg,0
889,2935581_37519338_0.jpg,0
890,2868609_35169675_0.jpg,0
891,2853377_37323407_0.jpg,0
892,2910550_36358947_0.jpg,0
893,2900864_36798846_0.jpg,0
894,2910534_35347820_0.jpg,0
895,2922249_36506936_0.jpg,1
896,2910442_35925777_0.jpg,0
897,2884447_36730285_0.jpg,1
898,2900468_37178080_0.jpg,0
899,2910624_35223159_0.jpg,0
900,2910565_36510107_0.jpg,0
901,2906119_35299742_0.jpg,0
902,2910569_36123644_0.jpg,0
903,2901338_35990627_0.jpg,0
904,2865446_36682550_0.jpg,0
905,2900082_35481353_0.jpg,0
906,2850103_34682402_1.jpg,1
907,2900081_35223478_0.jpg,0
908,2853391_35672305_0.jpg,0
909,2900081_36673365_0.jpg,0
910,2900081_35591451_0.jpg,0
911,2853394_35896713_0.jpg,0
912,2853388_36020874_0.jpg,0
913,2853346_37508614_0.jpg,0
914,2865444_37514769_0.jpg,0
915,2922253_37419341_1.jpg,0
916,2878459_37330748_0.jpg,0
917,2850110_34391349_0.jpg,0
918,2910462_36479481_0.jpg,0
919,2861993_36242204_0.jpg,0
920,2891360_34808035_0.jpg,0
921,2853397_34748678_0.jpg,0
922,2900082_35993216_0.jpg,0
923,2903393_35530151_0.jpg,0
924,2949670_36336957_0.jpg,0
925,2850201_34202356_0.jpg,0
926,2861962_35920288_0.jpg,0
927,2895643_36611371_0.jpg,0
928,2891363_34669803_0.jpg,1
929,2903372_35716339_0.jpg,0
930,2910550_35994478_0.jpg,0
931,2900754_35789419_0.jpg,0
932,2869158_37496848_0.jpg,0
933,2910429_36673160_0.jpg,0
934,2910556_36708824_0.jpg,0
935,2910574_35517225_0.jpg,0
936,2900144_35072425_0.jpg,0
937,2906117_35158529_0.jpg,0
938,2865444_36824414_0.jpg,0
939,2865446_36670184_1.jpg,0
940,2853377_37096070_0.jpg,0
941,2901349_35979461_0.jpg,0
942,2900843_36244777_0.jpg,0
943,2865229_34436606_0.jpg,0
944,2900757_36110662_1.jpg,0
945,2900892_36912101_0.jpg,0
946,2900758_36466163_0.jpg,0
947,2874370_35307522_2.jpg,0
948,2853391_36335101_1.jpg,0
949,2878459_37274594_0.jpg,0
950,2910526_35992396_0.jpg,0
951,2878093_37438837_0.jpg,0
952,2874368_35413052_0.jpg,0
953,2900960_36740842_0.jpg,0
954,2878289_37165903_0.jpg,0
955,2853387_37238590_0.jpg,0
956,2900010_35336728_0.jpg,0
957,2900757_36069486_0.jpg,0
958,2884432_34625952_0.jpg,0
959,2861970_36161367_0.jpg,0
960,2853388_36364049_0.jpg,0
961,2900752_36009167_0.jpg,0
962,2900703_35507959_0.jpg,0
963,2900787_36088670_0.jpg,0
964,2910569_36481919_0.jpg,0
965,2880378_37285805_0.jpg,0
966,2901027_35794280_0.jpg,0
967,2865216_35591565_0.jpg,0
968,2862619_34916830_0.jpg,0
969,2884433_36983404_0.jpg,0
970,2874368_35236485_0.jpg,0
971,2853386_36178406_0.jpg,0
972,2900887_36588108_0.jpg,0
973,2900838_36106450_0.jpg,0
974,2899704_37139752_0.jpg,0
975,2903563_36716479_0.jpg,0
976,2850103_37365278_0.jpg,0
977,2884442_36935017_0.jpg,0
978,2910578_36188941_0.jpg,0
979,2903524_36540068_0.jpg,0
980,2901299_37471748_0.jpg,0
981,2910574_36010604_0.jpg,0
982,2951419_36673668_0.jpg,0
983,2878290_37461948_1.jpg,0
984,2903102_36725292_0.jpg,0
985,2874349_34208932_0.jpg,0
986,2910626_35717227_0.jpg,0
987,2861966_36000661_0.jpg,0
988,2947212_37549955_0.jpg,0
989,2900647_37505657_0.jpg,0
990,2862616_34532078_0.jpg,0
991,2861560_34701915_0.jpg,0
992,2910621_36073797_0.jpg,0
993,2910462_36171106_0.jpg,0
994,2853368_37258114_0.jpg,0
995,2884440_36377985_0.jpg,0
996,2900647_35464242_0.jpg,0
997,2884457_37212640_0.jpg,0
998,2910606_35715211_0.jpg,0
999,2910624_35331605_0.jpg,0
1000,2903617_35559517_0.jpg,0
1001,2900639_36155574_1.jpg,0
1002,2900890_36860243_0.jpg,0
1003,2856920_36176413_0.jpg,0
1004,2903563_35440244_0.jpg,1
1005,2853387_36969323_0.jpg,0
1006,2853382_36164383_0.jpg,0
1007,2910610_35916766_0.jpg,0
1008,2900878_35990514_0.jpg,0
1009,2900792_35920413_0.jpg,0
1010,2900994_35790877_0.jpg,0
1011,2900082_35178824_0.jpg,0
1012,2910558_36126312_0.jpg,0
1013,2900799_36002207_0.jpg,0
1014,2900922_36894237_0.jpg,0
1015,2876008_35043612_0.jpg,0
1016,2853386_35533104_0.jpg,1
1017,2861642_34287225_0.jpg,0
1018,2900892_35886865_0.jpg,0
1019,2900773_37094608_0.jpg,0
1020,2903393_35615133_0.jpg,0
1021,2900746_35331547_1.jpg,0
1022,2910522_35972327_0.jpg,0
1023,2910370_36120111_1.jpg,0
1024,2900960_35626192_0.jpg,0
1025,2900769_36602650_0.jpg,1
1026,2861973_34797916_0.jpg,0
1027,2910574_35544384_0.jpg,0
1028,2935388_35858962_0.jpg,0
1029,2884433_35461113_0.jpg,0
1030,2900932_35628175_0.jpg,0
1031,2881809_35680275_0.jpg,0
1032,2900741_36332502_0.jpg,0
1033,2865444_36824414_1.jpg,0
1034,2850143_36319366_0.jpg,0
1035,2901313_36014825_0.jpg,0
1036,2865443_37329059_0.jpg,0
1037,2900746_35401670_1.jpg,0
1038,2900716_34993422_0.jpg,0
1039,2900992_36704401_0.jpg,0
1040,2900081_36122489_0.jpg,0
1041,2900717_36489816_0.jpg,0
1042,2850273_35510244_0.jpg,0
1043,2899982_37562530_0.jpg,0
1044,2874371_35277088_0.jpg,0
1045,2910675_36171878_0.jpg,0
1046,2869025_37585841_0.jpg,0
1047,2929856_36680849_0.jpg,0
1048,2900872_35447864_0.jpg,0
1049,2910556_36708824_1.jpg,0
1050,2899705_36954828_0.jpg,0
1051,2853383_36226848_0.jpg,0
1052,2878496_37108130_0.jpg,0
1053,2900890_35815959_0.jpg,0
1054,2868380_37515735_0.jpg,0
1055,2900787_37382897_0.jpg,0
1056,2884420_37069311_0.jpg,0
1057,2910550_36540675_0.jpg,0
1058,2900890_35535907_1.jpg,0
1059,2861954_35160908_0.jpg,0
1060,2900081_35902253_0.jpg,0
1061,2900082_35164716_0.jpg,0
1062,2850272_36082555_1.jpg,0
1063,2878289_37264850_0.jpg,0
1064,2910562_36314686_0.jpg,0
1065,2880253_37569948_0.jpg,0
1066,2853383_35378885_0.jpg,0
1067,2910414_36096234_0.jpg,0
1068,2900081_36184222_0.jpg,0
1069,2850249_36107235_0.jpg,1
1070,2901030_35975416_0.jpg,0
1071,2880427_37597534_0.jpg,0
1072,2903550_35865225_0.jpg,0
1073,2900926_36799099_1.jpg,0
1074,2910429_35577860_0.jpg,0
1075,2874373_36312270_1.jpg,0
1076,2865447_35990101_0.jpg,0
1077,2858218_34755462_0.jpg,0
1078,2874371_35101087_1.jpg,0
1079,2910411_36181068_0.jpg,0
1080,2878441_36994677_0.jpg,0
1081,2903559_35389619_0.jpg,0
1082,2926454_36212660_0.jpg,0
1083,2910402_35808155_0.jpg,0
1084,2900773_35723565_0.jpg,0
1085,2900792_35698189_0.jpg,0
1086,2910429_35665563_0.jpg,0
1087,2910662_36067782_0.jpg,0
1088,2895643_36098473_0.jpg,0
1089,2850103_34701321_0.jpg,0
1090,2900758_35556925_0.jpg,0
1091,2895643_36313278_0.jpg,0
1092,2900081_35581394_0.jpg,0
1093,2874369_35968122_0.jpg,0
1094,2899917_35312849_0.jpg,0
1095,2910446_36370040_0.jpg,0
1096,2922253_35938427_0.jpg,0
1097,2910667_35892948_0.jpg,0
1098,2900082_35743340_0.jpg,0
1099,2900081_36707911_0.jpg,0
1100,2853344_35860014_0.jpg,0
1101,2878289_37379218_0.jpg,0
1102,2853391_35937782_0.jpg,0
1103,2862580_34363740_0.jpg,0
1104,2951416_36697791_0.jpg,0
1105,2910526_35826839_0.jpg,0
1106,2903401_35613650_0.jpg,0
1107,2853391_36771305_0.jpg,0
1108,2910337_35834899_0.jpg,0
1109,2864747_36749075_0.jpg,0
1110,2901012_37470727_0.jpg,0
1111,2853388_36634330_0.jpg,0
1112,2879003_37571958_0.jpg,0
1113,2906119_36292670_0.jpg,0
1114,2910578_36312977_0.jpg,0
1115,2853395_37426084_0.jpg,0
1116,2853379_36114019_0.jpg,0
1117,2865444_36570594_0.jpg,0
1118,2874214_36186619_0.jpg,0
1119,2900081_35486065_0.jpg,0
1120,2910624_35103848_0.jpg,0
1121,2853382_36084969_0.jpg,0
1122,2878459_37233410_0.jpg,0
1123,2878290_37450498_0.jpg,0
1124,2850109_36718263_1.jpg,0
1125,2853368_34646335_0.jpg,0
1126,2879040_36939736_0.jpg,0
1127,2910626_35564072_0.jpg,0
1128,2850125_37520202_0.jpg,1
1129,2900082_35399610_0.jpg,0
1130,2900081_35294338_0.jpg,0
1131,2900626_35640179_0.jpg,0
1132,2853391_37245406_0.jpg,0
1133,2876011_35006923_0.jpg,0
1134,2874214_36429858_0.jpg,0
1135,2900082_36386431_0.jpg,0
1136,2903199_36297620_0.jpg,0
1137,2869125_37485573_0.jpg,0
1138,2865447_35166898_1.jpg,0
1139,2853344_37466505_0.jpg,0
1140,2900598_35912360_0.jpg,0
1141,2935427_36226078_0.jpg,0
1142,2878494_37295471_0.jpg,0
1143,2850103_37372483_0.jpg,0
1144,2900647_35939916_0.jpg,0
1145,2900081_35901898_0.jpg,0
1146,2910526_36384903_0.jpg,0
1147,2900982_36935883_0.jpg,0
1148,2861964_35155573_2.jpg,0
1149,2900960_37070970_0.jpg,0
1150,2876011_34998674_0.jpg,0
1151,2878459_37331051_0.jpg,0
1152,2853384_35863626_0.jpg,0
1153,2853388_35911044_0.jpg,0
1154,2884440_37279781_0.jpg,0
1155,2906117_35252902_0.jpg,0
1156,2865014_35998255_0.jpg,0
1157,2900082_35466821_1.jpg,0
1158,2900082_35272723_0.jpg,0
1159,2900639_36010269_0.jpg,0
1160,2910545_36209496_0.jpg,0
1161,2850165_36933645_0.jpg,0
1162,2868380_37575357_0.jpg,0
1163,2879040_37280335_0.jpg,0
1164,2910562_35943339_0.jpg,0
1165,2900857_37295341_0.jpg,0
1166,2884442_36935017_1.jpg,0
1167,2860090_36298716_0.jpg,1
1168,2850110_34925211_0.jpg,0
1169,2900773_36402197_0.jpg,0
1170,2878290_37514015_0.jpg,0
1171,2910406_35892552_0.jpg,0
1172,2910614_35460453_0.jpg,0
1173,2900838_35653516_0.jpg,0
1174,2935579_36679525_0.jpg,0
1175,2935427_36170610_0.jpg,0
1176,2865396_34481072_2.jpg,0
1177,2935401_36056747_0.jpg,0
1178,2900995_36633139_0.jpg,0
1179,2900081_35599914_0.jpg,0
1180,2900956_36164517_0.jpg,0
1181,2898369_37574045_0.jpg,0
1182,2850102_37599362_0.jpg,0
1183,2900757_35108003_0.jpg,0
1184,2910604_36374631_0.jpg,0
1185,2900861_35457892_0.jpg,0
1186,2901001_35783006_0.jpg,0
1187,2900081_35091114_0.jpg,0
1188,2901358_36924828_0.jpg,0
1189,2853395_36060223_0.jpg,0
1190,2910379_35459109_0.jpg,0
1191,2879035_37474216_0.jpg,0
1192,2880254_37192771_0.jpg,0
1193,2884441_37069037_0.jpg,0
1194,2910574_35150538_0.jpg,0
1195,2900717_35673236_0.jpg,0
1196,2853388_36767848_0.jpg,0
1197,2878499_37287783_0.jpg,1
1198,2916557_35732806_0.jpg,0
1199,2900703_36136518_0.jpg,0
1200,2900081_35361338_0.jpg,0
1201,2853390_36137137_0.jpg,0
1202,2884420_35798908_0.jpg,0
1203,2935582_37519228_0.jpg,0
1204,2900715_36427673_0.jpg,0
1205,2922249_37070828_0.jpg,0
1206,2850106_35408123_0.jpg,0
1207,2853384_36213402_0.jpg,0
1208,2853384_36145301_0.jpg,0
1209,2910550_35316602_0.jpg,0
1210,2910458_35802945_0.jpg,0
1211,2910618_35901908_0.jpg,0
1212,2900626_36319698_0.jpg,0
1213,2935427_36226078_1.jpg,0
1214,2862635_34190832_0.jpg,0
1215,2900082_35324071_0.jpg,0
1216,2884409_37466357_0.jpg,0
1217,2900082_36168397_0.jpg,0
1218,2935388_35858962_1.jpg,0
1219,2900639_36876529_0.jpg,0
1220,2903382_35871693_0.jpg,0
1221,2895643_36266290_0.jpg,0
1222,2850125_36721001_0.jpg,0
1223,2900773_35902850_0.jpg,0
1224,2900792_37032580_0.jpg,0
1225,2900081_35794819_0.jpg,0
1226,2910565_36307791_0.jpg,0
1227,2884419_37090927_0.jpg,0
1228,2862588_35854822_0.jpg,0
1229,2900861_35460924_0.jpg,0
1230,2900653_35436195_0.jpg,0
1231,2910522_35699695_1.jpg,0
1232,2850273_35510244_1.jpg,0
1233,2903563_35523064_0.jpg,0
1234,2910446_35967134_0.jpg,0
1235,2900861_35819838_0.jpg,0
1236,2900081_35399744_0.jpg,0
1237,2879040_37502179_0.jpg,0
1238,2899963_35978815_1.jpg,0
1239,2853386_36397173_0.jpg,1
1240,2853368_37483591_0.jpg,0
1241,2910534_35633832_0.jpg,0
1242,2884439_36384724_0.jpg,0
1243,2926455_36105593_0.jpg,0
1244,2910622_35714967_0.jpg,0
1245,2901338_36296599_2.jpg,0
1246,2900769_36276208_0.jpg,0
1247,2910382_35634819_0.jpg,0
1248,2880427_37217717_0.jpg,0
1249,2900081_36341999_0.jpg,0
1250,2862593_34312840_0.jpg,0
1251,2900787_37382897_1.jpg,0
1252,2910550_35520491_0.jpg,0
1253,2903393_36389412_0.jpg,0
1254,2935388_36036648_0.jpg,0
1255,2884439_37163672_0.jpg,0
1256,2874214_36110039_0.jpg,0
1257,2900081_35588730_0.jpg,0
1258,2862590_36583808_0.jpg,0
1259,2853378_36558110_1.jpg,0
1260,2850109_36718263_0.jpg,0
1261,2899705_36982613_0.jpg,0
1262,2903609_35507490_0.jpg,0
1263,2868429_37456898_0.jpg,0
1264,2853394_37397755_0.jpg,0
1265,2910401_35941259_0.jpg,0
1266,2874214_35501909_0.jpg,0
1267,2862010_34396125_0.jpg,0
1268,2879040_37583572_0.jpg,0
1269,2903524_35526909_0.jpg,0
1270,2900741_35548781_2.jpg,0
1271,2865447_35166898_0.jpg,0
1272,2910661_35959172_0.jpg,0
1273,2853388_35874691_0.jpg,0
1274,2853377_35901115_1.jpg,0
1275,2910610_35916766_1.jpg,0
1276,2865397_35336299_0.jpg,0
1277,2935427_36392942_0.jpg,0
1278,2853391_34516506_0.jpg,0
1279,2906119_35175207_0.jpg,0
1280,2874370_35307522_1.jpg,0
1281,2862635_34459274_3.jpg,0
1282,2899704_37272261_0.jpg,0
1283,2903657_35407900_0.jpg,0
1284,2900081_35435745_0.jpg,0
1285,2853383_36734423_0.jpg,0
1286,2853388_36378554_0.jpg,0
1287,2910363_35801567_0.jpg,0
1288,2910569_35977552_0.jpg,0
1289,2910596_35912555_0.jpg,0
1290,2868396_37478398_0.jpg,0
1291,2900905_37062471_0.jpg,0
1292,2850143_36436423_0.jpg,0
1293,2910668_36277536_0.jpg,0
1294,2900639_36624136_0.jpg,0
1295,2850103_36677738_0.jpg,0
1296,2861969_36680776_0.jpg,0
1297,2858218_34829998_0.jpg,0
1298,2853386_36173919_1.jpg,0
1299,2874351_37278332_0.jpg,0
1300,2850151_35245731_0.jpg,0
1301,2850103_35075791_0.jpg,0
1302,2850249_35936878_0.jpg,0
1303,2900760_36194139_0.jpg,0
1304,2900727_36130463_0.jpg,0
1305,2910397_36321504_0.jpg,0
1306,2900082_35089913_0.jpg,0
1307,2868429_36840467_0.jpg,0
1308,2900717_36687857_0.jpg,0
1309,2910558_35890948_0.jpg,0
1310,2910574_35671498_0.jpg,0
1311,2935428_36205551_0.jpg,0
1312,2891715_34879834_0.jpg,0
1313,2862582_36084516_0.jpg,0
1314,2912600_34869335_0.jpg,0
1315,2900653_35328319_0.jpg,0
1316,2880186_37380737_0.jpg,0
1317,2899917_35099473_0.jpg,0
1318,2901302_36011924_0.jpg,0
1319,2853384_36949144_0.jpg,1
1320,2903559_35255077_0.jpg,0
1321,2903657_35843914_0.jpg,0
1322,2903382_36126229_0.jpg,0
1323,2879040_37452469_0.jpg,0
1324,2903657_35282292_0.jpg,0
1325,2910609_35983642_0.jpg,0
1326,2850103_36172935_0.jpg,0
1327,2900790_35452458_0.jpg,0
1328,2853383_34868419_0.jpg,0
1329,2900082_35589234_1.jpg,0
1330,2850109_36851467_1.jpg,0
1331,2903521_35779023_0.jpg,0
1332,2900081_35122852_0.jpg,0
1333,2900081_35724521_0.jpg,0
1334,2910777_37599792_0.jpg,0
1335,2903521_35848564_0.jpg,0
1336,2906119_36672905_0.jpg,0
1337,2895643_36214111_0.jpg,0
1338,2910624_35992143_0.jpg,0
1339,2853384_35751231_0.jpg,0
1340,2926446_35037437_0.jpg,0
1341,2874214_36394291_0.jpg,0
1342,2853384_35945814_0.jpg,0
1343,2853384_37314907_0.jpg,0
1344,2862647_36393220_0.jpg,0
1345,2865396_34481072_0.jpg,0
1346,2874214_36668264_0.jpg,0
1347,2900957_35649214_1.jpg,0
1348,2874373_35121079_0.jpg,0
1349,2884420_37380682_0.jpg,0
1350,2853366_37295107_0.jpg,0
1351,2910545_35987044_1.jpg,0
1352,2910526_35720389_0.jpg,0
1353,2900081_35383581_0.jpg,0
1354,2874373_35521881_0.jpg,0
1355,2900879_35543600_0.jpg,0
1356,2900082_35695248_0.jpg,0
1357,2910550_35541991_0.jpg,0
1358,2850264_37224755_0.jpg,0
1359,2900081_36157226_0.jpg,0
1360,2900757_35549785_0.jpg,0
1361,2929860_36630782_0.jpg,0
1362,2935403_36418499_0.jpg,0
1363,2900735_36636123_0.jpg,0
1364,2900717_36092589_0.jpg,0
1365,2945927_37489276_0.jpg,0
1366,2850103_36157620_0.jpg,0
1367,2910572_35997730_0.jpg,0
1368,2900653_35485170_0.jpg,0
1369,2935591_37437399_0.jpg,0
1370,2910545_36059343_0.jpg,0
1371,2957310_36616972_0.jpg,0
1372,2900716_35226361_0.jpg,0
1373,2900861_35543844_0.jpg,0
1374,2903119_35794214_0.jpg,0
1375,2910574_35327261_0.jpg,0
1376,2910370_35815053_0.jpg,0
1377,2910522_35751849_0.jpg,0
1378,2853377_36038190_0.jpg,0
1379,2903422_35810446_0.jpg,0
1380,2901012_37263260_0.jpg,0
1381,2874374_36478846_0.jpg,0
1382,2900885_36017318_0.jpg,0
1383,2853383_36204774_0.jpg,0
1384,2878289_37374700_0.jpg,0
1385,2901338_36716219_0.jpg,0
1386,2910545_35998075_0.jpg,0
1387,2903645_36455327_0.jpg,1
1388,2900746_35870798_0.jpg,0
1389,2900773_35729998_0.jpg,0
1390,2910350_35749799_0.jpg,0
1391,2910359_35782783_0.jpg,0
1392,2910609_36313490_0.jpg,0
1393,2850107_37247864_0.jpg,0
1394,2853387_37380685_0.jpg,0
1395,2947212_37534292_0.jpg,0
1396,2850272_36093265_0.jpg,0
1397,2891693_34524256_0.jpg,0
1398,2900905_36820771_0.jpg,0
1399,2935388_36713702_0.jpg,0
1400,2874368_36305765_0.jpg,0
1401,2910426_35678628_0.jpg,0
1402,2850103_35353107_0.jpg,0
1403,2862665_34066883_0.jpg,0
1404,2853394_36871077_0.jpg,0
1405,2910574_36561264_0.jpg,0
1406,2900557_36170583_0.jpg,0
1407,2910545_35991486_0.jpg,0
1408,2900719_35673117_0.jpg,0
1409,2900081_35288706_0.jpg,0
1410,2895458_35221441_1.jpg,0
1411,2850275_35808929_0.jpg,0
1412,2900081_35942546_0.jpg,0
1413,2853379_36031345_0.jpg,0
1414,2891360_34551077_0.jpg,0
1415,2868484_37242071_0.jpg,0
1416,2910574_35375727_0.jpg,0
1417,2900746_36260595_0.jpg,0
1418,2910590_35791485_0.jpg,0
1419,2910418_36484161_0.jpg,0
1420,2910429_36067360_0.jpg,0
1421,2900960_37000557_0.jpg,0
1422,2910534_35719008_0.jpg,0
1423,2900081_36288662_0.jpg,0
1424,2884440_35996759_0.jpg,0
1425,2900746_37558839_0.jpg,0
1426,2884413_36799536_0.jpg,0
1427,2911774_36371991_0.jpg,0
1428,2850111_36749493_0.jpg,0
1429,2903521_35836222_0.jpg,0
1430,2901012_36085694_0.jpg,0
1431,2900892_35881471_0.jpg,0
1432,2874349_34139679_0.jpg,0
1433,2910442_36174890_0.jpg,0
1434,2850264_36743345_0.jpg,0
1435,2850262_36202832_0.jpg,0
1436,2903102_35984820_0.jpg,0
1437,2900757_36110662_0.jpg,0
1438,2874349_34876508_0.jpg,0
1439,2910397_35953177_0.jpg,0
1440,2853366_36682158_0.jpg,0
1441,2900081_35125190_0.jpg,0
1442,2889448_34337782_0.jpg,0
1443,2850165_36918403_0.jpg,0
1444,2884409_36241949_1.jpg,0
1445,2850106_36911278_0.jpg,0
1446,2935433_36124191_0.jpg,0
1447,2879035_37587130_0.jpg,0
1448,2900715_36427673_1.jpg,0
1449,2865396_36845395_0.jpg,0
1450,2856918_36380270_0.jpg,0
1451,2910558_35442220_0.jpg,0
1452,2895643_36624164_0.jpg,0
1453,2903567_35267176_0.jpg,0
1454,2850272_35607460_0.jpg,0
1455,2935434_36517916_0.jpg,0
1456,2860090_36298716_1.jpg,0
1457,2935402_36561803_0.jpg,0
1458,2900765_35424985_0.jpg,0
1459,2853385_37182449_0.jpg,1
1460,2879011_37223958_0.jpg,0
1461,2910370_35725892_0.jpg,0
1462,2880427_36975102_0.jpg,0
1463,2874373_34731899_1.jpg,0
1464,2895457_35635272_0.jpg,0
1465,2862582_34793323_0.jpg,0
1466,2900081_35083856_0.jpg,0
1467,2862590_35508407_0.jpg,0
1468,2880378_37285805_1.jpg,0
1469,2900081_35308703_0.jpg,0
1470,2862582_36217300_0.jpg,0
1471,2910578_36168604_0.jpg,0
1472,2900719_35541161_0.jpg,0
1473,2900861_37046442_0.jpg,0
1474,2884414_37252315_0.jpg,0
1475,2853380_35876742_0.jpg,0
1476,2878498_36931784_0.jpg,0
1477,2900868_36394943_1.jpg,0
1478,2910614_35958123_0.jpg,0
1479,2900843_37269673_0.jpg,0
1480,2884457_35951388_0.jpg,0
1481,2900960_35680122_0.jpg,0
1482,2853368_35974283_1.jpg,0
1483,2935592_37295682_0.jpg,0
1484,2903657_35158700_0.jpg,0
1485,2900957_36065894_0.jpg,0
1486,2945926_36106545_0.jpg,0
1487,2910522_36008809_0.jpg,0
1488,2856922_36021637_0.jpg,0
1489,2884442_36700722_0.jpg,0
1490,2850284_35056895_0.jpg,0
1491,2900887_35974910_0.jpg,0
1492,2900758_35069031_0.jpg,0
1493,2910621_35723708_0.jpg,0
1494,2900082_35411768_0.jpg,0
1495,2926976_35628188_2.jpg,0
1496,2910430_35893106_0.jpg,0
1497,2853394_34495570_0.jpg,0
1498,2874349_34800371_0.jpg,0
1499,2884421_37090978_0.jpg,0
1500,2906119_36389726_0.jpg,0
1501,2910456_35071857_0.jpg,0
1502,2901011_36725438_0.jpg,0
1503,2910426_36351787_0.jpg,0
1504,2900081_36071070_1.jpg,0
1505,2910596_36096434_0.jpg,0
1506,2900765_37255811_0.jpg,0
1507,2900960_36436072_0.jpg,0
1508,2910462_36105400_0.jpg,0
1509,2900765_35923947_0.jpg,0
1510,2900728_36160658_0.jpg,0
1511,2935400_36375561_0.jpg,0
1512,2951419_36664580_0.jpg,0
1513,2910534_35499250_0.jpg,0
1514,2868626_37572793_0.jpg,0
1515,2900861_37305657_0.jpg,0
1516,2853391_36924552_0.jpg,0
1517,2876009_35004432_0.jpg,0
1518,2900892_35991437_0.jpg,0
1519,2853384_36449806_0.jpg,0
1520,2910621_36669032_0.jpg,0
1521,2900992_36453312_0.jpg,0
1522,2900081_35294289_0.jpg,0
1523,2865307_35346911_0.jpg,0
1524,2900715_34936835_0.jpg,0
1525,2910550_35766109_0.jpg,0
1526,2901475_35511975_0.jpg,0
1527,2878459_37356183_0.jpg,0
1528,2910522_35699695_0.jpg,0
1529,2903401_35569075_0.jpg,0
1530,2856920_36446909_0.jpg,0
1531,2850272_36082555_0.jpg,0
1532,2910622_36705450_0.jpg,0
1533,2910382_35527200_0.jpg,0
1534,2900711_36041339_0.jpg,0
1535,2900882_36602599_0.jpg,0
1536,2901475_35323394_0.jpg,0
1537,2865443_37497890_0.jpg,0
1538,2900639_36155574_0.jpg,0
1539,2879998_37131619_0.jpg,0
1540,2910366_35667504_0.jpg,0
1541,2935429_36415224_0.jpg,0
1542,2903401_35838756_0.jpg,0
1543,2910361_35705851_0.jpg,0
1544,2884409_36241949_2.jpg,0
1545,2910370_36454208_2.jpg,0
1546,2910406_35711411_0.jpg,0
1547,2922253_37419341_0.jpg,0
1548,2900081_36322157_0.jpg,0
1549,2900082_35303259_0.jpg,0
1550,2856920_36395190_0.jpg,0
1551,2874214_36090478_0.jpg,0
1552,2850106_37152780_0.jpg,0
1553,2878290_37461948_0.jpg,0
1554,2910621_35837040_0.jpg,0
1555,2910558_36336395_0.jpg,0
1556,2926976_35714605_0.jpg,0
1557,2874373_36167547_0.jpg,0
1558,2878080_37438875_0.jpg,0
1559,2910414_36557555_0.jpg,1
1560,2906119_36114142_0.jpg,0
1561,2910622_35844848_0.jpg,0
1562,2910675_35477539_0.jpg,0
1563,2900081_36707613_0.jpg,0
1564,2879034_37272385_0.jpg,0
1565,2910526_35633725_0.jpg,0
1566,2903431_36480564_0.jpg,0
1567,2910522_35783266_0.jpg,0
1568,2910465_36039471_0.jpg,0
1569,2910426_35562035_0.jpg,0
1570,2868380_35785877_0.jpg,0
1571,2947212_37441404_0.jpg,0
1572,2865215_35452933_0.jpg,0
1573,2900838_35483341_0.jpg,0
1574,2900081_35273748_0.jpg,0
1575,2853378_36558110_0.jpg,0
1576,2910622_35921077_0.jpg,0
1577,2874368_37094735_0.jpg,0
1578,2879003_37223049_0.jpg,0
1579,2869149_37429038_0.jpg,0
1580,2850109_35378606_1.jpg,0
1581,2910388_36642579_0.jpg,0
1582,2900994_35947931_0.jpg,0
1583,2900081_36199464_0.jpg,0
1584,2850258_36064805_0.jpg,0
1585,2901338_36296599_1.jpg,0
1586,2910574_36429853_0.jpg,0
1587,2910572_36385823_0.jpg,0
1588,2900081_35812623_0.jpg,0
1589,2910661_36143630_0.jpg,0
1590,2868380_37475082_0.jpg,0
1591,2861941_36497784_0.jpg,0
1592,2853386_37488554_0.jpg,0
1593,2895638_36508956_0.jpg,0
1594,2900961_35776848_0.jpg,0
1595,2910622_36061611_0.jpg,0
1596,2879998_37597596_0.jpg,0
1597,2853388_35921813_0.jpg,0
1598,2910590_36333234_0.jpg,0
1599,2900900_36644143_0.jpg,0
1600,2916545_35723409_0.jpg,0
1601,2853388_36229039_0.jpg,0
1602,2910729_37546826_0.jpg,0
1603,2850172_36933448_0.jpg,0
1604,2900626_35846698_0.jpg,0
1605,2900626_36319698_1.jpg,0
1606,2900082_35579364_0.jpg,0
1607,2853386_36940470_0.jpg,0
1608,2900639_35996076_0.jpg,0
1609,2853388_36431432_0.jpg,1
1610,2879011_37043647_0.jpg,0
1611,2910621_35757825_0.jpg,0
1612,2957321_36195513_0.jpg,0
1613,2850103_35075791_1.jpg,0
1614,2935427_36276673_0.jpg,0
1615,2865014_35196308_0.jpg,0
1616,2900752_36196713_0.jpg,0
1617,2935429_36162413_0.jpg,0
1618,2900985_35828018_0.jpg,0
1619,2900994_36131373_0.jpg,0
1620,2900773_36318565_0.jpg,0
1621,2910526_35761168_0.jpg,0
1622,2865447_35569393_0.jpg,0
1623,2900926_36799099_0.jpg,0
1624,2900821_35460533_0.jpg,0
1625,2910442_35564134_0.jpg,0
1626,2899917_35079287_0.jpg,0
1627,2850168_35029899_0.jpg,0
1628,2884421_36515623_0.jpg,0
1629,2895457_37540455_0.jpg,0
1630,2895643_36515425_0.jpg,0
1631,2900082_35001477_0.jpg,0
1632,2858217_34813814_0.jpg,0
1633,2910446_35513524_0.jpg,0
1634,2900773_35977696_0.jpg,0
1635,2900864_36798846_1.jpg,0
1636,2900144_37104269_0.jpg,0
1637,2900653_35429181_0.jpg,0
1638,2874214_36098318_0.jpg,0
1639,2903372_35543997_0.jpg,0
1640,2900975_35714217_0.jpg,0
1641,2868626_37419901_0.jpg,0
1642,2850143_36085119_0.jpg,0
1643,2850109_36105219_0.jpg,0
1644,2853366_34819583_0.jpg,0
1645,2900757_35629022_0.jpg,0
1646,2900598_35673728_0.jpg,0
1647,2853386_37398854_0.jpg,0
1648,2879040_36937320_0.jpg,0
1649,2901019_35896121_0.jpg,0
1650,2853366_36248741_0.jpg,0
1651,2900081_36071070_0.jpg,0
1652,2910530_35606607_0.jpg,0
1653,2860772_37545848_1.jpg,0
1654,2865392_35839630_0.jpg,0
1655,2879035_37558272_0.jpg,0
1656,2862581_35326702_0.jpg,0
1657,2900639_35304738_0.jpg,0
1658,2900926_37305347_0.jpg,0
1659,2884440_37594720_0.jpg,0
1660,2910734_37605166_0.jpg,0
1661,2901349_36207319_0.jpg,0
1662,2874214_36655272_0.jpg,0
1663,2899982_36157595_0.jpg,0
1664,2922254_35369945_0.jpg,0
1665,2853383_37078627_0.jpg,0
1666,2903563_35290003_0.jpg,0
1667,2853389_36325761_0.jpg,0
1668,2900081_35338785_0.jpg,0
1669,2900081_35701926_0.jpg,0
1670,2935403_36198572_0.jpg,0
1671,2869070_37541018_0.jpg,0
1672,2853389_35980285_0.jpg,0
1673,2900746_35331547_0.jpg,0
1674,2853383_36079754_0.jpg,0
1675,2910370_36120111_0.jpg,0
1676,2853383_35886391_0.jpg,0
1677,2856922_35715704_1.jpg,0
1678,2850222_35947653_0.jpg,0
1679,2910562_35991642_0.jpg,0
1680,2900081_35261051_0.jpg,0
1681,2901029_36084316_0.jpg,0
1682,2910372_35806911_0.jpg,0
1683,2874373_34731899_0.jpg,0
1684,2853379_36636222_0.jpg,0
1685,2910392_35718525_0.jpg,0
1686,2910600_36614182_0.jpg,0
1687,2900081_36209375_0.jpg,0
1688,2926976_35628188_1.jpg,0
1689,2901344_36141713_0.jpg,0
1690,2853387_36793670_0.jpg,1
1691,2878290_37447690_0.jpg,0
1692,2900927_35971888_0.jpg,0
1693,2900759_35297245_0.jpg,0
1694,2860147_37438386_0.jpg,0
1695,2850120_36712838_0.jpg,0
1696,2864727_36229657_0.jpg,0
1697,2900758_35047548_0.jpg,0
1698,2891701_34849684_0.jpg,0
1699,2853379_36957095_0.jpg,0
1700,2853389_36238180_0.jpg,0
1701,2929862_36526550_0.jpg,0
1702,2900843_35450285_0.jpg,0
1703,2926450_37591685_0.jpg,0
1704,2900626_36319698_2.jpg,0
1705,2868396_37558857_0.jpg,0
1706,2900051_35085269_0.jpg,0
1707,2910550_35763920_0.jpg,0
1708,2945928_36957058_0.jpg,0
1709,2862635_34459274_2.jpg,0
1710,2874214_36198117_0.jpg,0
1711,2900082_35589234_0.jpg,0
1712,2957321_36363145_0.jpg,0
1713,2910668_36369486_0.jpg,0
1714,2865218_35231081_0.jpg,0
1715,2860134_36129858_0.jpg,1
1716,2910572_36006501_0.jpg,0
1717,2906335_34618371_0.jpg,0
1718,2910545_36474539_0.jpg,0
1719,2865014_36620203_0.jpg,0
1720,2910609_35978500_0.jpg,0
1721,2906119_36577121_0.jpg,0
1722,2853383_37540786_0.jpg,0
1723,2910526_36212633_0.jpg,0
1724,2900653_35686294_0.jpg,0
1725,2850109_36851467_0.jpg,0
1726,2901026_36465654_0.jpg,0
1727,2865396_34481072_3.jpg,0
1728,2879040_37286957_0.jpg,0
1729,2900758_36623781_0.jpg,0
1730,2900568_35369015_0.jpg,0
1731,2878289_37153192_0.jpg,0
1732,2900082_35466821_0.jpg,0
1733,2900082_35640763_0.jpg,0
1734,2910550_36256660_0.jpg,0
1735,2910458_35786758_0.jpg,0
1736,2850103_35154022_0.jpg,0
1737,2910572_36325420_0.jpg,0
1738,2900821_36659972_0.jpg,0
1739,2900082_35773473_0.jpg,0
1740,2900746_36260595_1.jpg,0
1741,2880208_37437337_0.jpg,0
1742,2910446_35601847_0.jpg,0
1743,2874214_36543190_0.jpg,0
1744,2910359_35940324_0.jpg,0
1745,2853394_37221471_1.jpg,0
1746,2853388_36668736_0.jpg,0
1747,2898396_37004490_0.jpg,0
1748,2884439_36211790_0.jpg,0
1749,2903516_35848346_0.jpg,0
1750,2853389_36246197_0.jpg,0
1751,2901026_35785727_0.jpg,0
1752,2910526_35876204_0.jpg,0
1753,2900752_36650858_0.jpg,0
1754,2926446_35881731_0.jpg,0
1755,2914413_37077675_0.jpg,0
1756,2910565_35868425_0.jpg,0
1757,2914318_34829324_0.jpg,0
1758,2900647_36748271_0.jpg,0
1759,2900877_35479701_1.jpg,0
1760,2910545_36014126_0.jpg,0
1761,2874349_34122612_2.jpg,0
1762,2900765_35301041_0.jpg,0
1763,2957371_36504022_0.jpg,0
1764,2900960_36052804_0.jpg,0
1765,2910410_35986554_0.jpg,0
1766,2900938_35521240_0.jpg,0
1767,2910361_35772813_0.jpg,0
1768,2900081_35810906_0.jpg,0
1769,2910435_36335546_0.jpg,0
1770,2858218_35357627_0.jpg,0
1771,2865446_36682550_1.jpg,0
1772,2884418_35798863_0.jpg,0
1773,2861969_35462879_0.jpg,0
1774,2874373_36586936_0.jpg,1
1775,2858218_34789529_0.jpg,0
1776,2910596_35218298_0.jpg,0
1777,2910418_36062784_0.jpg,0
1778,2900843_37051591_0.jpg,0
1779,2903590_35426456_0.jpg,0
1780,2935402_36055225_0.jpg,0
1781,2900900_35980408_0.jpg,0
1782,2912600_35025301_0.jpg,0
1783,2910522_36303527_0.jpg,0
1784,2850272_37136556_0.jpg,0
1785,2910359_35788248_0.jpg,0
1786,2910558_36123500_0.jpg,0
1787,2900861_35583042_0.jpg,0
1788,2860134_33826426_0.jpg,0
1789,2900081_35382988_0.jpg,0
1790,2900765_35484840_0.jpg,0
1791,2900081_35344637_0.jpg,0
1792,2903475_35340055_0.jpg,0
1793,2903090_36138260_0.jpg,0
1794,2865397_36455979_0.jpg,1
1795,2900081_35066723_0.jpg,0
1796,2900082_36154788_0.jpg,0
1797,2900790_36455555_0.jpg,0
1798,2910429_35724678_0.jpg,0
1799,2900717_35439472_0.jpg,0
1800,2856920_36501731_0.jpg,0
1801,2862635_34459274_0.jpg,1
1802,2910576_35678610_0.jpg,0
1803,2879040_36901063_0.jpg,0
1804,2900960_37052501_0.jpg,0
1805,2900082_36023953_0.jpg,0
1806,2865397_36103529_0.jpg,0
1807,2853394_36497460_0.jpg,0
1808,2910562_36184985_0.jpg,0
1809,2850275_35216502_0.jpg,0
1810,2900757_35409274_0.jpg,0
1811,2900760_34738683_0.jpg,0
1812,2884412_36864987_0.jpg,0
1813,2878289_37208292_0.jpg,0
1814,2868869_37500813_0.jpg,0
1815,2910442_36257297_0.jpg,0
1816,2910435_35741102_0.jpg,0
1817,2874214_36651428_0.jpg,0
1818,2900546_35194054_0.jpg,0
1819,2906117_35286936_0.jpg,0
1820,2874371_35422127_0.jpg,0
1821,2910456_35137308_0.jpg,0
1822,2900905_35714817_0.jpg,0
1823,2900892_35837127_0.jpg,0
1824,2911748_36222930_0.jpg,0
1825,2910572_36138633_2.jpg,0
1826,2853397_37113709_0.jpg,0
1827,2900758_35477520_0.jpg,0
1828,2910572_36123731_0.jpg,0
1829,2878499_37499949_0.jpg,0
1830,2880086_37374931_0.jpg,0
1831,2900879_35996287_0.jpg,0
1832,2900992_35836964_0.jpg,0
1833,2906119_35904817_0.jpg,0
1834,2874373_36546346_0.jpg,0
1835,2868503_36552960_0.jpg,0
1836,2898318_37108164_0.jpg,0
1837,2884435_36933173_0.jpg,0
1838,2879998_37616588_0.jpg,0
1839,2910430_36170370_0.jpg,0
1840,2900692_36281665_0.jpg,0
1841,2903102_35895387_0.jpg,0
1842,2900790_35634639_0.jpg,0
1843,2903645_35345195_0.jpg,0
1844,2910450_36017534_0.jpg,0
1845,2884442_36935017_3.jpg,0
1846,2853390_35866528_0.jpg,0
1847,2935628_35904361_0.jpg,0
1848,2910604_35507898_0.jpg,0
1849,2858218_35655999_0.jpg,0
1850,2853377_35975149_0.jpg,0
1851,2910574_35380138_0.jpg,0
1852,2900757_36149489_0.jpg,0
1853,2869021_37415898_0.jpg,0
1854,2922249_36077666_0.jpg,0
1855,2900082_36672329_0.jpg,0
1856,2903205_35668579_0.jpg,0
1857,2910382_36175588_0.jpg,0
1858,2910350_36042245_0.jpg,0
1859,2910456_34986463_0.jpg,0
1860,2878459_37255691_0.jpg,0
1861,2910545_35994677_0.jpg,0
1862,2865229_36704813_0.jpg,0
1863,2884406_37210214_0.jpg,0
1864,2901302_36298867_0.jpg,0
1865,2865443_37550552_0.jpg,0
1866,2912600_34844369_0.jpg,0
1867,2900082_35913593_0.jpg,0
1868,2910342_35863621_0.jpg,0
1869,2853386_37603120_0.jpg,0
1870,2918909_37436659_0.jpg,0
1871,2850158_36428464_0.jpg,0
1872,2900082_35113834_0.jpg,0
1873,2874371_35101087_0.jpg,0
1874,2853386_37319452_0.jpg,0
1875,2900754_36218505_0.jpg,0
1876,2903382_35205634_0.jpg,0
1877,2874374_36319010_0.jpg,0
1878,2900760_35918357_0.jpg,0
1879,2853378_36235756_0.jpg,0
1880,2900957_35649214_0.jpg,0
1881,2850103_34776645_0.jpg,0
1882,2900960_37149465_0.jpg,0
1883,2856922_36160795_0.jpg,0
1884,2862588_34382337_0.jpg,0
1885,2853343_36512827_0.jpg,0
1886,2900769_35693985_0.jpg,0
1887,2900754_35789419_1.jpg,0
1888,2884450_36088890_0.jpg,0
1889,2900861_35995967_0.jpg,0
1890,2910537_36185775_0.jpg,0
1891,2878103_37437451_0.jpg,0
1892,2910582_36337898_0.jpg,0
1893,2861992_35443264_0.jpg,0
1894,2853388_35896347_0.jpg,0
1895,2935388_36036648_2.jpg,0
1896,2853366_37159476_0.jpg,0
1897,2900943_36758953_0.jpg,0
1898,2910618_36225323_0.jpg,0
1899,2910590_35435510_0.jpg,0
1900,2879044_37060421_0.jpg,0
1901,2910370_36454208_0.jpg,0
1902,2910363_36416965_0.jpg,0
1903,2910344_36353996_0.jpg,0
1904,2935393_36375539_0.jpg,0
1905,2900787_35949517_0.jpg,0
1906,2900081_35453006_0.jpg,0
1907,2865396_37405109_0.jpg,0
1908,2853391_35309940_0.jpg,0
1909,2900081_35486653_0.jpg,0
1910,2853390_35866528_1.jpg,0
1911,2910382_36098521_0.jpg,0
1912,2900926_35931086_0.jpg,0
1913,2853386_36173919_0.jpg,0
1914,2850275_35776659_0.jpg,0
1915,2853382_36530286_0.jpg,0
1916,2874214_36094911_0.jpg,0
1917,2900081_35483727_0.jpg,0
1918,2910534_35766737_1.jpg,0
1919,2865280_36942136_0.jpg,0
1920,2862595_35843230_0.jpg,0
1921,2884454_37540832_0.jpg,0
1922,2874374_36511561_0.jpg,0
1923,2884421_35798984_0.jpg,0
1924,2853390_35473292_0.jpg,0
1925,2910558_35312176_0.jpg,0
1926,2910337_35646490_0.jpg,0
1927,2856922_35715704_0.jpg,0
1928,2900758_36683398_0.jpg,0
1929,2910582_36460698_0.jpg,0
1930,2910435_35455733_0.jpg,0
1931,2900639_35896737_0.jpg,0
1932,2916557_35866526_0.jpg,0
1933,2861992_35043356_0.jpg,0
1934,2935429_36235682_0.jpg,0
1935,2862590_34697529_0.jpg,0
1936,2861964_36646091_0.jpg,0
1937,2853390_35980689_0.jpg,0
1938,2861973_36597245_0.jpg,0
1939,2850109_35448771_0.jpg,0
1940,2910572_36155015_0.jpg,0
1941,2901029_36559828_0.jpg,0
1942,2864727_36350869_0.jpg,1
1943,2900082_35101036_0.jpg,0
1944,2910558_35229052_0.jpg,0
1945,2900769_36852874_0.jpg,0
1946,2880396_37463740_0.jpg,0
1947,2891729_34517187_0.jpg,0
1948,2878496_36899882_0.jpg,0
1949,2874373_36312270_0.jpg,0
1950,2900757_36383515_0.jpg,0
1951,2900861_35435370_0.jpg,0
1952,2957371_36273680_0.jpg,0
1953,2853394_36118510_0.jpg,0
1954,2850143_37019292_0.jpg,0
1955,2945927_37031096_0.jpg,0
1956,2853377_36312325_0.jpg,0
1957,2910534_35766737_0.jpg,0
1958,2900081_35563229_0.jpg,0
1959,2910526_35763766_0.jpg,0
1960,2903393_35659456_0.jpg,0
1961,2922249_36845299_0.jpg,0
1962,2910556_35662445_0.jpg,0
1963,2910610_36287083_0.jpg,0
1964,2900812_35522914_0.jpg,0
1965,2906119_35327179_0.jpg,0
1966,2910370_36454208_1.jpg,0
1967,2865396_36665833_0.jpg,0
1968,2906119_35151764_0.jpg,0
1969,2881809_35162818_0.jpg,0
1970,2878289_37203607_0.jpg,0
1971,2910763_37536484_0.jpg,0
1972,2900708_35710722_0.jpg,0
1973,2864730_35649626_0.jpg,0
1974,2910615_36317941_0.jpg,0
1975,2853382_37370872_0.jpg,0
1976,2880253_37251708_0.jpg,0
1977,2910675_36504842_0.jpg,0
1978,2900082_35906298_0.jpg,0
1979,2853384_36207230_0.jpg,0
1980,2935582_37437286_0.jpg,0
1981,2884409_36538117_0.jpg,0
1982,2903451_35810624_0.jpg,0
1983,2900792_36032962_0.jpg,0
1984,2874373_34731899_2.jpg,0
1985,2850135_37338042_0.jpg,1
1986,2878497_36899936_0.jpg,0
1987,2900082_35272648_0.jpg,0
1988,2903102_35604680_0.jpg,0
1989,2922249_36331797_0.jpg,0
1990,2900081_36364468_0.jpg,0
1991,2903445_36540195_0.jpg,0
1992,2900721_35546372_0.jpg,0
1993,2853391_37349172_0.jpg,0
1994,2910574_36034845_0.jpg,0
1995,2900647_36133926_0.jpg,0
1996,2900922_35827228_0.jpg,0
1997,2900964_35626656_0.jpg,0
1998,2901349_36871336_0.jpg,0
1999,2900082_35589234_2.jpg,0
